191,2019/05/24,10:09:38:045341,416c70686120536361726c6574203a20657865632d45786563757465417267756d656e744173436f6d6d616e644f6e52656d6f7465486f7374282262222c22436f6d6d616e643a2065786563203c636f6d6d616e643e2229203a657865632d45786563757465417267756d656e744173436f6d6d616e644f6e52656d6f7465486f7374282262222c224e554c4c2229,657865632d45786563757465417267756d656e744173436f6d6d616e644f6e52656d6f7465486f7374,51735,15,2,6
192,2019/05/24,10:09:38:066954,000000005b2a5d2045786563757461626c65207772697474656e20746f3a202f7573722f73686172652f7665696c2d6f75747075742f636f6d70696c65642f7665696c7061796c6f61642e657865,2f7665696c2d6f75747075742f636f6d70696c65642f7665696c7061796c6f61642e657865,51737,18,1,1
193,2019/05/24,10:09:38:077975,000000005b2a5d2045786563757461626c65207772697474656e20746f3a202f7573722f73686172652f7665696c2d6f75747075742f636f6d70696c65642f7665696c7061796c6f61642e657865,2f7665696c2d6f75747075742f636f6d70696c65642f7665696c7061796c6f61642e657865,51738,18,1,1
194,2019/05/24,10:09:38:088656,77696e646f77732f6d657465727072657465722f707974686f6e2f7368656c6c636f64655f696e6a6563742f6165735f656e63727970742f726576657273655f746370,7368656c6c636f64655f696e6a6563742f6165735f656e63727970742f726576657273655f746370,51739,2,1,6
195,2019/05/24,10:09:38:112754,00000000484b43555c536f6674776172655c4d6963726f736f66745c57696e646f77735c43757272656e7456657273696f6e5c52756e5c57696e646f777320446562756720546f6f6c732d254c4f43414c41505044415441255c20484b43555c536f6674776172655c4d6963726f736f66745c57696e646f77735c43757272656e7456657273696f6e5c52756e5c57696e646f777320446961676e6f736520546f6f6c732d254c4f43414c41505044415441255c,484b43555c536f6674776172655c4d6963726f736f66745c57696e646f77735c43757272656e7456657273696f6e5c52756e5c,51741,8,2,1
196,2019/05/24,10:09:38:156597,00000000484b43555c536f6674776172655c4d6963726f736f66745c57696e646f77735c43757272656e7456657273696f6e5c52756e5c57696e646f777320446562756720546f6f6c732d254c4f43414c41505044415441255c20484b43555c536f6674776172655c4d6963726f736f66745c57696e646f77735c43757272656e7456657273696f6e5c52756e5c57696e646f777320446961676e6f736520546f6f6c732d254c4f43414c41505044415441255c,484b43555c536f6674776172655c4d6963726f736f66745c57696e646f77735c43757272656e7456657273696f6e5c52756e5c,51742,8,2,1
197,2019/05/24,10:09:38:337290,000000002f6367692d62696e2f6376737765622e6367692f736967732f56495255532f54524f4a414e5f4952435f426f74733b207369643a,6376737765622e6367692f736967732f56495255532f54524f4a414e5f4952435f426f7473,51753,27,1,1
198,2019/05/24,10:09:38:348083,000000002f6367692d62696e2f6376737765622e6367692f736967732f56495255532f54524f4a414e5f4952435f426f74733b207369643a,6376737765622e6367692f736967732f56495255532f54524f4a414e5f4952435f426f7473,51754,27,1,1
199,2019/05/24,10:09:38:353083,6376737765622e6367692f736967732f56495255532f54524f4a414e5f4952435f426f74737c7c47455420485454502f312e312220343034203330372057696e646f7773292f657870616e642047455420485454502f312e3122203430342033303720222d2220226d6f7a696c6c612f352e30202857696e646f7773292f6578706c6f69744765636b6f2e7079,47455420485454502f312e3122203430342033303720222d2220226d6f7a696c6c612f352e30202857696e646f7773292f6578706c6f69744765636b6f2e7079,51755,14,1,6
 , , ,6376737765622e6367692f736967732f56495255532f54524f4a414e5f4952435f426f74737c7c47455420485454502f312e312220343034203330372057696e646f7773292f657870616e642047455420485454502f312e3122203430342033303720222d2220226d6f7a696c6c612f352e30202857696e646f7773292f6578706c6f69744765636b6f2e7079,6376737765622e6367692f736967732f56495255532f54524f4a414e5f4952435f426f7473,51755,27,1, 
200,2019/05/24,10:09:38:370940,000000006d7366636f6e736f6c65202d722063735f7265765f7463702e72637c7265736f757263652863735f7265765f7463702e7263293e736574205041594c4f41442077696e646f77732f6d657465727072657465722f726576657273655f746370202d652020736574205041594c4f41442077696e646f77732f66696c654465736372697074696f6e2f6372656174655f66696c652e657865202d6520657865205041594c4f41442061732075736572202d2d4e6f6e652070726976696c65646765,5041594c4f41442077696e646f77732f6d657465727072657465722f726576657273655f746370,51757,1,1,1
201,2019/05/24,10:09:38:397048,000000006d7366636f6e736f6c65202d722063735f7265765f7463702e72637c7265736f757263652863735f7265765f7463702e7263293e736574205041594c4f41442077696e646f77732f6d657465727072657465722f726576657273655f746370202d652020736574205041594c4f41442077696e646f77732f66696c654465736372697074696f6e2f6372656174655f66696c652e657865202d6520657865205041594c4f41442061732075736572202d2d4e6f6e652070726976696c65646765,5041594c4f41442077696e646f77732f6d657465727072657465722f726576657273655f746370,51758,1,1,1
202,2019/05/24,10:09:38:463389,6d736635206578706c6f6974286d756c74692f68616e646c6572293e7265736f757263652863735f7265765f7463702e7263293e736574204c484f5354202d6520736574204c504f5254202d652072656164204c484f5354202d652072656164204c504f52547d736574204c484f5354202d6520736574204c504f5254202d2d4e6f6e65,736574204c484f5354202d6520736574204c504f525420,51763,9,2,6
203,2019/05/24,10:09:38:501157,000000006d736635206578706c6f6974286d756c74692f68616e646c6572293e7265736f757263652863735f7265765f7463702e72632973657420457869744f6e53657373696f6e2066616c7365,7265736f757263652863735f7265765f7463702e72632973657420457869744f6e53657373696f6e,51765,4,1,1
204,2019/05/24,10:09:38:511033,000000006d736635206578706c6f6974286d756c74692f68616e646c6572293e7265736f757263652863735f7265765f7463702e72632973657420457869744f6e53657373696f6e2066616c7365,7265736f757263652863735f7265765f7463702e72632973657420457869744f6e53657373696f6e,51766,4,1,1
205,2019/05/24,10:09:38:539676,0000000044696d20636d645465787420417320537472696e67203d666f726d312e616566643133313134313431346265613962626136342f3436322f30343136615f6465736372697074282268717065385552796a646d2b4d365a75355755454f6e574b6e723638514638752c68717065385552796a646d2b4d365a75355755454f6e574b6e72363851463875302229,68717065385552796a646d2b4d365a75355755454f6e574b6e72363851463875,51769,22,2,1
206,2019/05/24,10:09:38:566043,0000000044696d20636d645465787420417320537472696e67203d666f726d312e616566643133313134313431346265613962626136342f3436322f30343136615f6465736372697074282268717065385552796a646d2b4d365a75355755454f6e574b6e723638514638752c68717065385552796a646d2b4d365a75355755454f6e574b6e72363851463875302229,68717065385552796a646d2b4d365a75355755454f6e574b6e72363851463875,51770,22,2,1
207,2019/05/24,10:09:38:652515,00000000433a5c6c6f63616c5c57656220456e637279707465642046696c653e4e61746976655061796c6f61645f496d6167652e65786520646563727970742028616e79296a2d3e28223139322e3136382e312e31227c7c2231302e31312e32302e312229,65786520646563727970742028616e79296a,51777,3,1,1
 , , ,00000000433a5c6c6f63616c5c57656220456e637279707465642046696c653e4e61746976655061796c6f61645f496d6167652e65786520646563727970742028616e79296a2d3e28223139322e3136382e312e31227c7c2231302e31312e32302e312229,6c6f63616c5c57656220456e637279707465642046696c653e4e61746976655061796c6f6164,51777,35,1, 
208,2019/05/24,10:09:38:679831,00000000433a5c6c6f63616c5c57656220456e637279707465642046696c653e4e61746976655061796c6f61645f496d6167652e65786520646563727970742028616e79296a2d3e28223139322e3136382e312e31227c7c2231302e31312e32302e312229,65786520646563727970742028616e79296a,51778,3,1,1
 , , ,00000000433a5c6c6f63616c5c57656220456e637279707465642046696c653e4e61746976655061796c6f61645f496d6167652e65786520646563727970742028616e79296a2d3e28223139322e3136382e312e31227c7c2231302e31312e32302e312229,6c6f63616c5c57656220456e637279707465642046696c653e4e61746976655061796c6f6164,51778,35,1, 
209,2019/05/24,10:09:38:712497,61706b696e6a6563746f72202f726f6f742f6c6f63616c2f62696e2f70656e746573746c61622e61706b202f726f6f742f6c6f63616c2f62696e2f7461726765742e61706b202f726f6f742f2e6c6f63616c2f73686172652f61706b746f6f6c2f6672616d65776f726b2f312e61706b,2f726f6f742f6c6f63616c2f62696e2f70656e746573746c61622e61706b20,51779,11,1,6
 , , ,61706b696e6a6563746f72202f726f6f742f6c6f63616c2f62696e2f70656e746573746c61622e61706b202f726f6f742f6c6f63616c2f62696e2f7461726765742e61706b202f726f6f742f2e6c6f63616c2f73686172652f61706b746f6f6c2f6672616d65776f726b2f312e61706b,2f726f6f742f2e6c6f63616c2f73686172652f61706b746f6f6c2f6672616d65776f726b,51779,23,1, 
210,2019/05/24,10:09:38:732283,657865632073756270726f636573732e70792028726567292d3e222554656d70255c303030454c495345413331302e544d502c255573657250726f66696c65255c54656d706c617465735c3141304536323153562e4341422c255573657250726f66696c65255c54656d706c617465735c77696e6365782e646c6c2c255573657250726f66696c65255c54656d706c617465735c77696e6365782e646c6c626b22,2554656d70255c303030454c495345413331302e544d50,51781,31,1,17
 , , ,657865632073756270726f636573732e70792028726567292d3e222554656d70255c303030454c495345413331302e544d502c255573657250726f66696c65255c54656d706c617465735c3141304536323153562e4341422c255573657250726f66696c65255c54656d706c617465735c77696e6365782e646c6c2c255573657250726f66696c65255c54656d706c617465735c77696e6365782e646c6c626b22,54656d706c617465735c3141304536323153562e434142,51781,32,1, 
 , , ,657865632073756270726f636573732e70792028726567292d3e222554656d70255c303030454c495345413331302e544d502c255573657250726f66696c65255c54656d706c617465735c3141304536323153562e4341422c255573657250726f66696c65255c54656d706c617465735c77696e6365782e646c6c2c255573657250726f66696c65255c54656d706c617465735c77696e6365782e646c6c626b22,54656d706c617465735c77696e6365782e646c6c,51781,33,2, 
 , , ,657865632073756270726f636573732e70792028726567292d3e222554656d70255c303030454c495345413331302e544d502c255573657250726f66696c65255c54656d706c617465735c3141304536323153562e4341422c255573657250726f66696c65255c54656d706c617465735c77696e6365782e646c6c2c255573657250726f66696c65255c54656d706c617465735c77696e6365782e646c6c626b22,54656d706c617465735c77696e6365782e646c6c626b,51781,34,1, 
211,2019/05/24,10:09:38:764215,00000000450000bd000100004011a19dc0a82b82c0a82bbf0035003500a960b7657865632073756270726f636573732e70792028726567292d3e222554656d70255c303030454c495345413331302e544d502c255573657250726f66696c65255c54656d706c617465735c3141304536323153562e4341422c255573657250726f66696c65255c54656d706c617465735c77696e6365782e646c6c2c255573657250726f66696c65255c54656d706c617465735c77696e6365782e646c6c626b22,2554656d70255c303030454c495345413331302e544d50,51782,31,1,1
 , , ,00000000450000bd000100004011a19dc0a82b82c0a82bbf0035003500a960b7657865632073756270726f636573732e70792028726567292d3e222554656d70255c303030454c495345413331302e544d502c255573657250726f66696c65255c54656d706c617465735c3141304536323153562e4341422c255573657250726f66696c65255c54656d706c617465735c77696e6365782e646c6c2c255573657250726f66696c65255c54656d706c617465735c77696e6365782e646c6c626b22,54656d706c617465735c3141304536323153562e434142,51782,32,1, 
 , , ,00000000450000bd000100004011a19dc0a82b82c0a82bbf0035003500a960b7657865632073756270726f636573732e70792028726567292d3e222554656d70255c303030454c495345413331302e544d502c255573657250726f66696c65255c54656d706c617465735c3141304536323153562e4341422c255573657250726f66696c65255c54656d706c617465735c77696e6365782e646c6c2c255573657250726f66696c65255c54656d706c617465735c77696e6365782e646c6c626b22,54656d706c617465735c77696e6365782e646c6c,51782,33,2, 
 , , ,00000000450000bd000100004011a19dc0a82b82c0a82bbf0035003500a960b7657865632073756270726f636573732e70792028726567292d3e222554656d70255c303030454c495345413331302e544d502c255573657250726f66696c65255c54656d706c617465735c3141304536323153562e4341422c255573657250726f66696c65255c54656d706c617465735c77696e6365782e646c6c2c255573657250726f66696c65255c54656d706c617465735c77696e6365782e646c6c626b22,54656d706c617465735c77696e6365782e646c6c626b,51782,34,1, 
212,2019/05/24,10:09:38:955544,0000000065786563204c6f675265675375622e7079202872656778292d3e22484b45595f4c4f43414c5f4d414348494e455c53595354454d5c43757272656e74436f6e74726f6c5365745c53657276696365735c576d646d504d4d,53657276696365735c576d646d504d4d,51789,17,1,1
213,2019/05/24,10:09:38:966005,0000000065786563204c6f675265675375622e7079202872656778292d3e22484b45595f4c4f43414c5f4d414348494e455c53595354454d5c43757272656e74436f6e74726f6c5365745c53657276696365735c576d646d504d4d,53657276696365735c576d646d504d4d,51790,17,1,1
214,2019/05/24,10:09:38:980288,4d53462068616e646c65722066696c653a20272f726f6f742f77696e646f77732d6d657465727072657465722d7374616765642d726576657273652d7463702d3434332d6578652e726327202020286d7366636f6e736f6c65202d71202d72202f726f6f742f77696e646f77732d6d657465727072657465722d7374616765642d726576657273652d7463702d3434332d6578652e726329,77696e646f77732d6d657465727072657465722d7374616765642d726576657273652d7463702d3434332d6578652e7263,51791,21,2,6
215,2019/05/24,10:09:39:014342,000000006d736676656e6f6d202d7020707974686f6e2f7368656c6c5f726576657273655f746370202d6620726177202d2d706c6174666f726d20707974686f6e202d652067656e657269632f6e6f6e65202d6120707974686f6e204c484f53543d31302e31302e3130302e3633204c504f52543d343433203e202f726f6f742f707974686f6e2d7368656c6c2d73746167656c6573732d726576657273652d7463702d3434332e7079,2f726f6f742f707974686f6e2d7368656c6c2d73746167656c6573732d726576657273652d7463702d3434332e7079,51793,24,1,1
216,2019/05/24,10:09:39:054395,000000006d736676656e6f6d202d7020707974686f6e2f7368656c6c5f726576657273655f746370202d6620726177202d2d706c6174666f726d20707974686f6e202d652067656e657269632f6e6f6e65202d6120707974686f6e204c484f53543d31302e31302e3130302e3633204c504f52543d343433203e202f726f6f742f707974686f6e2d7368656c6c2d73746167656c6573732d726576657273652d7463702d3434332e7079,2f726f6f742f707974686f6e2d7368656c6c2d73746167656c6573732d726576657273652d7463702d3434332e7079,51794,24,1,1
217,2019/05/24,10:09:39:251054,4a534f4e205772697474656e20746f2046696c65202d2d205654444c32383746334444413634423833304135414335413644463332363646374430382e6a736f6e7c7c5733322f496e6a6563742e4e4656217472202d2d205654444c32383746334444413634423833304135414335413644463332363646374430382e70636170,5654444c3238374633444441363442383330413541433541364446333236364637443038,51802,6,2,6
218,2019/05/24,10:09:39:320521,00000000776765742068747470733a2f2f7261772e67697468756275736572636f6e74656e742e636f6d2f54686f7567687466756c4465762f4561676c654579652f6d61737465722f7072652e73682026262063686d6f64202b78207072652e7368202626202e2f7072652e7368,67697468756275736572636f6e74656e74,51804,25,1,1
219,2019/05/24,10:09:39:357467,00000000776765742068747470733a2f2f7261772e67697468756275736572636f6e74656e742e636f6d2f54686f7567687466756c4465762f4561676c654579652f6d61737465722f7072652e73682026262063686d6f64202b78207072652e7368202626202e2f7072652e7368,67697468756275736572636f6e74656e74,51805,25,1,1
220,2019/05/24,10:09:39:584080,000000002550524f4752414d46494c4553255c726e616d666c65725c6e616f667376632e657865202266626363393630336637353336373266613433313761643834306561363130392220226662636339363033663735333637326a65656662636339363033663735333637326a3738363522,6e616f667376632e657865,51811,28,1,1
 , , ,000000002550524f4752414d46494c4553255c726e616d666c65725c6e616f667376632e657865202266626363393630336637353336373266613433313761643834306561363130392220226662636339363033663735333637326a65656662636339363033663735333637326a3738363522,6662636339363033663735333637326a,51811,30,2, 
221,2019/05/24,10:09:39:619844,000000002550524f4752414d46494c4553255c726e616d666c65725c6e616f667376632e657865202266626363393630336637353336373266613433313761643834306561363130392220226662636339363033663735333637326a65656662636339363033663735333637326a3738363522,6e616f667376632e657865,51812,28,1,1
 , , ,000000002550524f4752414d46494c4553255c726e616d666c65725c6e616f667376632e657865202266626363393630336637353336373266613433313761643834306561363130392220226662636339363033663735333637326a65656662636339363033663735333637326a3738363522,6662636339363033663735333637326a,51812,30,2, 
222,2019/05/24,10:09:39:651092,255553455250524f46494c45255c3731383939316b7362376b325c4f576c5a6749505846672e636f6d20202236613933613430373163633763323236323861663430613464383732663439626a22,3731383939316b7362376b32,51813,16,1,6
223,2019/05/24,10:09:39:762605,00000000255553455250524f46494c45255c3731383939316b7362376b325c32393034372e7662732022396136363333363532363032396562366135623932363961363633333635323630306532376564363234396136363339613636333336353236303336353236306136363333363532363064363961363633333635323630653237656436323464383439613636333336353236306a333122,3731383939316b7362376b32,51822,16,1,1
224,2019/05/24,10:09:39:781441,00000000255553455250524f46494c45255c3731383939316b7362376b325c32393034372e7662732022396136363333363532363032396562366135623932363961363633333635323630306532376564363234396136363339613636333336353236303336353236306136363333363532363064363961363633333635323630653237656436323464383439613636333336353236306a333122,3731383939316b7362376b32,51823,16,1,1
225,2019/05/24,10:09:39:839563,2557494e444952255c73797374656d33325c534d636f632e6578652022623731313462646231666562373131346264323663616463336339646231666539313862373131346264323663616463336339646231666539313831363563666265386a393138313635636231666539313831363563666265383138313635636662653862373131346264323663616463336339646231666539313831363563666265386a646465303362373131346264323663616463336339646231666539313831363563666265386a61323222,73797374656d33325c534d636f632e65786520,51827,10,1,6
226,2019/05/24,10:09:39:855730,2550524f4752414d46494c4553255c726e616d666c65725c7261647072636d702e6578652022656235386661363636346530613436663865303334666161323662303039303522,5c726e616d666c65725c7261647072636d702e65786520,51829,19,1,17
227,2019/05/24,10:09:39:861412,2f726f6f742f2e6c6f63616c2f6163636573732f686f73742d352d3230303a20696e74656c6669757a7a2d787373206d66756c6c657224696e74656c6669757a7a2e70792022687474703a2f2f626c617373652e636f6d2f78737361747461636b73756974652f7873732d6174747269627574652e7068703f27,696e74656c6669757a7a2d787373206d66756c6c657224696e74656c6669757a7a2e7079,51830,13,1,6
228,2019/05/24,10:09:39:906227,6578656320696e6a656374416c74446f6d61696e2e7079202d772022687474703a2f2f6578616d706c652e636f6d2f253064253061436f6e74656e742d4c656e6774683a3335253064253061582d5853532d50726f74656374696f6e3a3025306425306125306425306132332530642530612533437376672532306f6e6c6f61643d616c65727428646f63756d656e742e646f6d61696e29253345253064253061302530642530612f25326625326525326522202f726f6f742f62696e2f7873732478737346696c652e65786520225c3e3c7363726970743e616c6572742831293b3c2f7363726970743e3c627220617474723d22,2f726f6f742f62696e2f7873732478737346696c652e657865,51834,5,1,6
